Texto,URL
PT,https://www.isel.pt/
EN,https://www.isel.pt/en
Inscrever-se,https://www.isel.pt/user/register
Estudar no ISEL,https://www.isel.pt/o-isel-apresenta-se/estudar-no-ISEL
Onde estamos,https://www.isel.pt/o-isel-apresenta-se/onde-estamos
ISEL nos media,https://www.isel.pt/isel-nos-media
Os nossos espaços,https://www.isel.pt/o-isel-apresenta-se/os-nossos-espacos
Plano para a Igualdade de Género,https://www.isel.pt/plano-para-igualdade-de-genero
Identidade institucional,https://www.isel.pt/servicos/servico-de-comunicacao-e-imagem/identidade-institucional
Open Days,https://www.isel.pt/a-descoberta-do-isel/open-days
ISEL Alive,https://www.isel.pt/a-descoberta-do-isel/ISEL-Alive
ISEL Energy Week,https://www.isel.pt/a-descoberta-do-isel/energy-week
ISEL Eco-Campus,https://www.isel.pt/o-isel-apresenta-se/sustentabilidade/ambiente/isel-eco-campus
ISEL Carbono Zero,https://www.isel.pt/o-isel-apresenta-se/sustentabilidade/ambiente/isel-eco-campus/isel-carbono-zero
Projetos com Alunos,https://www.isel.pt/projetos-com-alunos
Instituição,https://www.isel.pt/isel/quem-somos/instituicao
Orgãos,https://www.isel.pt/isel/quem-somos/orgaos
Departamentos,https://www.isel.pt/isel/quem-somos/departamentos
Serviços,https://www.isel.pt/isel/quem-somos/servicos
Documentos públicos,https://www.isel.pt/quem-somos/documentos-publicos
Qualidade,https://www.isel.pt/quem-somos/qualidade
Sustentabilidade,https://www.isel.pt/o-isel-apresenta-se/sustentabilidade
Porquê o ISEL?,https://www.isel.pt/candidatos/porque_o_ISEL
Modalidades de Ingresso,https://www.isel.pt/ensino/candidatos/modalidades-de-ingresso
Estudante internacional,https://www.isel.pt/servicos/modalidades-de-ingresso/estudante-internacional
Licenciaturas,https://www.isel.pt/cursos/licenciaturas
Mestrados,https://www.isel.pt/cursos/mestrados
Pós-Graduações,https://www.isel.pt/cursos/pos-graduacoes
Outros cursos,https://www.isel.pt/cursos/outros-cursos
Erasmus+ Alunos Outgoing,https://www.isel.pt/ensino/programas-de-mobilidade/erasmus-alunos-outgoing/informacoes-gerais
Erasmus+ Incoming Students,https://www.isel.pt/ensino/programas-de-mobilidade/erasmus-alunos-incoming/informacoes-gerais
Erasmus+ Staff,https://www.isel.pt/ensino/programas-de-mobilidade/erasmus-staff/informacoes-gerais
BIP - Blended Intensive Programmes,https://www.isel.pt/ensino/programas-de-mobilidade/bip
Outros programas,https://www.isel.pt/ensino/programas-de-mobilidade/outros-programas/informacoes-gerais/programas-de-intercambio
Informações académicas,https://www.isel.pt/comunidade/estudantes/informacoes-academicas
Informações para novos alunos,https://www.isel.pt/comunidade/estudantes/informacoes-para-novos-alunos
Espaço de Apoio ao Aluno,https://www.isel.pt/servicos/comunidade/estudantes/espaco-de-apoio-ao-aluno
Bolsas para estudantes,https://www.isel.pt/comunidade/estudantes/bolsa-para-estudantes
Prémios para estudantes,https://www.isel.pt/comunidade/estudantes/premios-para-estudantes
Biblioteca,https://www.isel.pt/servicos/biblioteca
Empregabilidade,https://www.isel.pt/servicos/comunidade/estudantes/empregabilidade/alunos/plataforma-de-emprego
Associação de Estudantes,https://www.isel.pt/comunidade/alem-aulas/associacao-de-estudantes
Estudantina Académica,https://www.isel.pt/comunidade/alem-aulas/estudantina-academica
Tuna Feminina,https://www.isel.pt/comunidade/alem-aulas/tuna-feminina
ISEL Formula Student,https://www.isel.pt/a-descoberta-do-isel/ISEL-Formula-Student
Programa de mentoria,https://www.isel.pt/servicos/comunidade/estudantes/integracao
World Action ISEL,https://www.isel.pt/comunidade/alem-aulas/world-action-isel
Rede de Núcleos Estudantis,https://www.isel.pt/comunidade/alem-aulas/rede-de-nucleos-estudantis
Rede AlumnISEL,https://www.isel.pt/comunidade/alumni/rede-alumnISEL
Iniciativas Alumni,https://www.isel.pt/comunidade/alumni/rede-alumnISEL/iniciativas
Fundadores,https://www.isel.pt/comunidade/alumni/rede-alumnISEL/fundadores
Estruturas & Unidades,https://www.isel.pt/ecossistema-de-inovacao/unidades-de-ied/estruturas-e-unidades
Projetos,https://www.isel.pt/investigacao-e-inovacao/ecossistema-de-inovacao/projetos
Publicações científicas,https://www.isel.pt/investigacao-e-inovacao/ecossistema-e-inovacao/publicacoes
Propriedade Intelectual,https://www.isel.pt/investigacao-e-inovacao/ecossistema-e-inovacao/propriedade-intelectual
Procedimentos de aquisição I&D,https://www.isel.pt/investigacao-e-inovacao/ecossistema-de-inovacao/procedimento-de-aquisicao-id
Incubadora de empresas,https://www.isel.pt/investigacao-e-incovacao/empreendedorismo/incubadora-de-empresas/modelos-de-incubacao
Innovation & Consulting Labs,https://www.isel.pt/servicos/investigacao-e-inovacao/empreendedorismo/innovation-labs
Financiamento,https://www.isel.pt/servicos/investigacao-e-inovacao/oportunidades/financiamento
Bolsas de investigação,https://www.isel.pt/servicos/investigacao-e-inovacao/oportunidades/bolsas-de-investigacao
ISEL Guest Editors - Special Issues,https://www.isel.pt/investigacao-e-inovacao/oportunidades/isel-guest-editors-special-issues
Apresentação,https://www.isel.pt/curso/licenciatura/licenciatura-em-engenharia-informatica-redes-e-telecomunicacoes
Plano de Estudos,https://www.isel.pt/curso/10564/plano-de-estudos
Propinas,https://www.isel.pt/comunidade/estudantes/informacoes-academicas/propinas
Horários,https://www.isel.pt/comunidade/estudantes/informacoes-academicas/horarios
Mapa de testes e exames,https://www.isel.pt/comunidade/estudantes/informacoes-academicas/testes_e_exames
Descarregar,https://isel.pt/sites/default/files/001_imagens_isel/pdf/flyers_2025_04/FolhetoISEL-LEIRT.pdf
Pedro Manuel de Almeida Carvalho Vieira,https://www.isel.pt/docentes/pedro-manuel-de-almeida-carvalho-vieira
Luis Miguel Maia Bravo da Mata,https://www.isel.pt/docente/luis-miguel-maia-bravo-da-mata
Filipe Bastos de Freitas,https://www.isel.pt/docentes/filipe-bastos-de-freitas
João Humberto Holbeche Trindade,https://www.isel.pt/docentes/joao-humberto-holbeche-trindade
Isabel Maria Teixeira de Matos,https://www.isel.pt/docentes/isabel-maria-teixeira-de-matos
(sem texto visível),https://www.isel.pt/noticias/estudante-do-isel-vence-primeiro-premio-no-h2o-sustainability-innovation-hub
(sem texto visível),https://www.isel.pt/eventos/seminario-de-fisica-aplicacoes-opticas-de-cristais-liquidos-1
"Sugestões, reclamações ou denúncias",https://www.isel.pt/sugestoes-reclamacoes-ou-denuncias
Recursos informáticos,https://www.isel.pt/servicos/servico-de-informatica-e-redes-de-comunicacao/recursos-informaticos
Calendário académico,https://www.isel.pt/informacoes-academicas/calendario-academico
Termos e Condições,https://www.isel.pt/termos-e-condicoes
Política de Privacidade,https://www.isel.pt/politica-de-privacidade
