Categoria;Caminho;URL completo;Título
Cursos (pdf);(ficheiro PDF);https://isel.pt/sites/default/files/001_imagens_isel/pdf/flyers_2025_04/Brochura_L-2025.2026.pdf;Brochura dos Cursos 2025/2026
Curso;/cursos/licenciaturas;https://www.isel.pt/cursos/licenciaturas;Licenciaturas do ISEL
Curso;/curso/licenciatura/licenciatura-em-engenharia-civil;https://www.isel.pt/curso/licenciatura/licenciatura-em-engenharia-civil;Engenharia Civil
Curso;/curso/licenciatura/licenciatura-em-tecnologias-e-gestao-municipal;https://www.isel.pt/curso/licenciatura/licenciatura-em-tecnologias-e-gestao-municipal;Tecnologias e Gestão Municipal
Curso;/curso/licenciatura/licenciatura-em-engenharia-informatica-e-de-computadores;https://www.isel.pt/curso/licenciatura/licenciatura-em-engenharia-informatica-e-de-computadores;Eng. Informática e de Computadores
Curso;/curso/licenciatura/licenciatura-em-engenharia-informatica-e-multimedia;https://www.isel.pt/curso/licenciatura/licenciatura-em-engenharia-informatica-e-multimedia;Eng. Informática e Multimédia
Curso;/curso/licenciatura/licenciatura-em-engenharia-eletronica-e-telecomunicacoes-e-de-computadores;https://www.isel.pt/curso/licenciatura/licenciatura-em-engenharia-eletronica-e-telecomunicacoes-e-de-computadores;Eng. Eletrónica e Telecomunicações e de Computadores
Curso;/curso/licenciatura/licenciatura-em-engenharia-informatica-redes-e-telecomunicacoes;https://www.isel.pt/curso/licenciatura/licenciatura-em-engenharia-informatica-redes-e-telecomunicacoes;Eng. Informática, Redes e Telecomunicações
Curso;/curso/licenciatura/licenciatura-em-engenharia-fisica-aplicada;https://www.isel.pt/curso/licenciatura/licenciatura-em-engenharia-fisica-aplicada; Eng. Física Aplicada
Curso;/curso/licenciatura/licenciatura-em-engenharia-eletrotecnica;https://www.isel.pt/curso/licenciatura/licenciatura-em-engenharia-eletrotecnica;Eng. Eletrotécnica
Curso;/curso/licenciatura/licenciatura-em-matematica-aplicada-tecnologia-e-empresa;https://www.isel.pt/curso/licenciatura/licenciatura-em-matematica-aplicada-tecnologia-e-empresa;Matemática Aplicada à Tecnologia e à Empresa
Curso;/curso/licenciatura/licenciatura-em-engenharia-mecanica;https://www.isel.pt/curso/licenciatura/licenciatura-em-engenharia-mecanica;Eng. Mecânica
Curso;/curso/licenciatura/licenciatura-em-engenharia-quimica-e-biologica;https://www.isel.pt/curso/licenciatura/licenciatura-em-engenharia-quimica-e-biologica;Eng. Química e Biológica
Curso;/curso/licenciatura/licenciatura-em-engenharia-biomedica;https://www.isel.pt/curso/licenciatura/licenciatura-em-engenharia-biomedica;Eng. Biomédica
Curso;;;
;;;
;;;
;;;
;;;
